﻿<?xml version="1.0" encoding="utf-8"?>
<Defs>
  <ThingDef Name="ApparelBase_Zhaos" Abstract="True">
    <thingClass>Apparel</thingClass>
    <category>Item</category>
    <selectable>True</selectable>
    <pathCost>10</pathCost>
    <useHitPoints>True</useHitPoints>
    <techLevel>Ultra</techLevel>
    <graphicData>
      <onGroundRandomRotateAngle>35</onGroundRandomRotateAngle>
    </graphicData>
    <drawGUIOverlay>true</drawGUIOverlay>
    <statBases>
      <MaxHitPoints>200</MaxHitPoints>
      <Flammability>0</Flammability>
      <DeteriorationRate>0</DeteriorationRate>
      <Beauty>10</Beauty>
      <SellPriceFactor>0.70</SellPriceFactor>
    </statBases>
    <altitudeLayer>Item</altitudeLayer>
    <alwaysHaulable>True</alwaysHaulable>
    <tickerType>Never</tickerType>
    <comps>
      <li Class="CompProperties_Forbiddable" />
      <li>
        <compClass>CompColorable</compClass>
      </li>
      <li>
        <compClass>CompQuality</compClass>
      </li>
    </comps>
    <tradeTags>
      <li>Exotic</li>
    </tradeTags>
    <tradeability>Sellable</tradeability>
  </ThingDef>
  <ThingDef Name="ApparelMakeableBase_Zhaos" ParentName="ApparelBase_Zhaos" Abstract="True">
    <recipeMaker>
      <workSpeedStat>TailoringSpeed</workSpeedStat>
      <workSkill>Crafting</workSkill>
      <effectWorking>Tailor</effectWorking>
      <soundWorking>Recipe_Tailor</soundWorking>
      <recipeUsers>
        <li>ElectricTailoringBench</li>
        <li>HandTailoringBench</li>
      </recipeUsers>
      <unfinishedThingDef>UnfinishedApparel</unfinishedThingDef>
    </recipeMaker>
  </ThingDef>
  <ThingDef ParentName="ApparelMakeableBase_Zhaos">
    <defName>Apparel_Zhaos</defName>
    <label>Z_防护内衬</label>
    <description>高强度抗性的内衬</description>
    <graphicData>
      <texPath>Things/Clothes/ZhaosC1/ZhaosC1</texPath>
      <graphicClass>Graphic_Single</graphicClass>
    </graphicData>
    <costStuffCount>1</costStuffCount>
    <costList>
      <Cloth>50</Cloth>
    </costList>
    <thingCategories>
      <li>Apparel</li>
    </thingCategories>
    <statBases>
      <MarketValue>20</MarketValue>
      <MaxHitPoints>3000</MaxHitPoints>
      <WorkToMake>22000</WorkToMake>
      <Mass>1.0</Mass>
      <ArmorRating_Blunt>3.6</ArmorRating_Blunt>
      <ArmorRating_Sharp>3.6</ArmorRating_Sharp>
      <ArmorRating_Heat>3.6</ArmorRating_Heat>
      <ArmorRating_Electric>3.6</ArmorRating_Electric>
      <Insulation_Cold>-160</Insulation_Cold>
      <Insulation_Heat>160</Insulation_Heat>
      <Beauty>100</Beauty>
    </statBases>
    <equippedStatOffsets>
      <MoveSpeed>0.1</MoveSpeed>
      <WorkSpeedGlobal>0.2</WorkSpeedGlobal>
    </equippedStatOffsets>
    <apparel>
      <bodyPartGroups>
        <li>Torso</li>
        <li>Shoulders</li>
        <li>Waist</li>
        <li>Arms</li>
        <li>Legs</li>
        <li>Neck</li>
        <li>FullHead</li>
        <li>Hands</li>
        <li>Feet</li>
      </bodyPartGroups>
      <wornGraphicPath>Things/Clothes/ZhaosC1/ZhaosC1</wornGraphicPath>
      <layers>
        <li>OnSkin</li>
      </layers>
      <defaultOutfitTags>
        <li>Worker</li>
        <li>Soldier</li>
      </defaultOutfitTags>
    </apparel>
    <colorGenerator Class="ColorGenerator_Options">
      <options>
        <li>
          <weight>100</weight>
          <only>RGBA(0.12,0.12,0.12,1)</only>
        </li>
      </options>
    </colorGenerator>
    <generateCommonality>0</generateCommonality>
  </ThingDef>
  <ThingDef ParentName="ApparelMakeableBase_Zhaos">
    <defName>Apparel_ZhaosDebuff</defName>
    <label>Z_防护枷锁</label>
    <description>Heavy chains

【-15 speed】
减速六格的抗性枷锁</description>
    <graphicData>
      <texPath>Things/Clothes/ZhaosC1/ZhaosC1</texPath>
      <graphicClass>Graphic_Single</graphicClass>
    </graphicData>
    <costStuffCount>1</costStuffCount>
    <costList>
      <Cloth>50</Cloth>
    </costList>
    <thingCategories>
      <li>Apparel</li>
    </thingCategories>
    <statBases>
      <MarketValue>20</MarketValue>
      <MaxHitPoints>3000</MaxHitPoints>
      <WorkToMake>22000</WorkToMake>
      <Mass>1.0</Mass>
      <ArmorRating_Blunt>5.6</ArmorRating_Blunt>
      <ArmorRating_Sharp>5.6</ArmorRating_Sharp>
      <ArmorRating_Heat>5.6</ArmorRating_Heat>
      <ArmorRating_Electric>5.6</ArmorRating_Electric>
      <Insulation_Cold>-160</Insulation_Cold>
      <Insulation_Heat>160</Insulation_Heat>
      <Beauty>100</Beauty>
    </statBases>
    <equippedStatOffsets>
      <MoveSpeed>-15</MoveSpeed>
      <WorkSpeedGlobal>0.2</WorkSpeedGlobal>
    </equippedStatOffsets>
    <apparel>
      <bodyPartGroups>
        <li>Torso</li>
        <li>Shoulders</li>
        <li>Waist</li>
        <li>Arms</li>
        <li>Legs</li>
        <li>Neck</li>
        <li>FullHead</li>
        <li>Hands</li>
        <li>Feet</li>
      </bodyPartGroups>
      <wornGraphicPath>Things/Clothes/ZhaosC1/ZhaosC1</wornGraphicPath>
      <layers>
        <li>OnSkin</li>
      </layers>
      <defaultOutfitTags>
        <li>Worker</li>
        <li>Soldier</li>
      </defaultOutfitTags>
    </apparel>
    <colorGenerator Class="ColorGenerator_Options">
      <options>
        <li>
          <weight>100</weight>
          <only>RGBA(0.32,0.32,0.32,1)</only>
        </li>
      </options>
    </colorGenerator>
    <generateCommonality>0</generateCommonality>
  </ThingDef>
</Defs>