﻿<?xml version="1.0" encoding="utf-8"?>
<Defs>
  <ThingDef ParentName="BaseBullet_Zhaos">
    <defName>Bullet_BulletZhaosB</defName>
    <label>Z高速磁轨炮弹</label>
    <graphicData>
      <texPath>Things/Projectile/Bullet_Z02</texPath>
      <graphicClass>Graphic_Single</graphicClass>
    </graphicData>
    <projectile>
      <damageDef>Bullet</damageDef>
      <damageAmountBase>35</damageAmountBase>
      <speed>350</speed>
    </projectile>
  </ThingDef>
  <ThingDef ParentName="BaseBullet_Zhaos">
    <defName>Bullet_BulletZhaosA</defName>
    <label>动能束</label>
    <graphicData>
      <texPath>Things/Projectile/Bullet_Z01</texPath>
      <graphicClass>Graphic_Single</graphicClass>
    </graphicData>
    <projectile>
      <damageDef>Bullet</damageDef>
      <damageAmountBase>40</damageAmountBase>
      <speed>700</speed>
    </projectile>
  </ThingDef>
  <ThingDef ParentName="BaseBullet_Zhaos">
    <defName>Bullet_BulletZhaosC</defName>
    <label>小型磁轨冲击弹</label>
    <graphicData>
      <texPath>Things/Projectile/Bullet_Z03</texPath>
      <graphicClass>Graphic_Single</graphicClass>
    </graphicData>
    <projectile>
      <damageDef>Bullet</damageDef>
      <damageAmountBase>2</damageAmountBase>
      <speed>300</speed>
    </projectile>
  </ThingDef>
  <ThingDef ParentName="BaseBullet">
    <defName>Bullet_BulletZhaosD</defName>
    <label>Z_能量冲击</label>
    <thingClass>Projectile_Explosive</thingClass>
    <graphicData>
      <texPath>Things/Projectile/Bullet_Z04</texPath>
      <graphicClass>Graphic_Single</graphicClass>
      <shaderType>TransparentPostLight</shaderType>
    </graphicData>
    <projectile>
      <damageDef>Bomb</damageDef>
      <damageAmountBase>7</damageAmountBase>
      <speed>120</speed>
      <explosionRadius>2</explosionRadius>
    </projectile>
  </ThingDef>
  <ThingDef ParentName="BaseBullet">
    <defName>Bullet_BulletZhaosE</defName>
    <label>Z_蓄能爆弹</label>
    <thingClass>Projectile_Explosive</thingClass>
    <graphicData>
      <texPath>Things/Projectile/Bullet_Z05</texPath>
      <graphicClass>Graphic_Single</graphicClass>
      <shaderType>TransparentPostLight</shaderType>
    </graphicData>
    <projectile>
      <damageDef>Bomb</damageDef>
      <damageAmountBase>5</damageAmountBase>
      <speed>100</speed>
      <explosionRadius>9</explosionRadius>
    </projectile>
  </ThingDef>
  <ThingDef ParentName="BaseBullet_Zhaos">
    <defName>Bullet_BulletZhaosF</defName>
    <label>Z_电荷钨芯弹丸</label>
    <graphicData>
      <texPath>Things/Projectile/Bullet_Z06</texPath>
      <graphicClass>Graphic_Single</graphicClass>
    </graphicData>
    <projectile>
      <damageDef>Bullet</damageDef>
      <damageAmountBase>10</damageAmountBase>
      <speed>260</speed>
    </projectile>
  </ThingDef>
  <!-- ^^^^^^^Bullet -->
  <ThingDef ParentName="BaseMakeableGun_Zhaos">
    <defName>Z_Rifle01A</defName>
    <label>Z_速射动能标枪</label>
    <description>Death.这把枪将会杀死你眼前的一切
将会杀死眼前的一切
高伤害，小心误伤！</description>
    <graphicData>
      <texPath>Things/Items/GunsZhaos/Z_BigGun</texPath>
      <graphicClass>Graphic_Single</graphicClass>
    </graphicData>
    <soundInteract>InteractChargeRifle</soundInteract>
    <statBases>
      <WorkToMake>48000</WorkToMake>
      <Mass>1.6</Mass>
      <AccuracyTouch>1</AccuracyTouch>
      <AccuracyShort>1</AccuracyShort>
      <AccuracyMedium>1</AccuracyMedium>
      <AccuracyLong>0.99</AccuracyLong>
      <RangedWeapon_Cooldown>0.01</RangedWeapon_Cooldown>
      <MaxHitPoints>120</MaxHitPoints>
      <Beauty>50</Beauty>
      <Flammability>0</Flammability>
      <DeteriorationRate>0</DeteriorationRate>
      <MarketValue>10</MarketValue>
      <Weapon_Bulk>1.0</Weapon_Bulk>
    </statBases>
    <costList>
      <Steel>15</Steel>
      <Component>2</Component>
    </costList>
    <verbs>
      <li>
        <verbClass>Verb_Shoot</verbClass>
        <hasStandardCommand>true</hasStandardCommand>
        <defaultProjectile>Bullet_BulletZhaosA</defaultProjectile>
        <warmupTime>0</warmupTime>
        <range>90</range>
        <soundCast>ChargeLance_Fire</soundCast>
        <soundCastTail>GunTail_Medium</soundCastTail>
        <muzzleFlashScale>9</muzzleFlashScale>
        <ticksBetweenBurstShots>1</ticksBetweenBurstShots>
        <burstShotCount>8</burstShotCount>
      </li>
    </verbs>
    <weaponTags>
      <li>ZhaosRifle</li>
    </weaponTags>
    <equippedStatOffsets>
      <MoveSpeed>1.2</MoveSpeed>
    </equippedStatOffsets>
  </ThingDef>
  <ThingDef ParentName="BaseMakeableGun_Zhaos">
    <defName>Z_Rifle02A</defName>
    <label>Z_磁轨步枪</label>
    <description>略正义的小型磁轨炮。
3连发，高精确，每发伤害45</description>
    <graphicData>
      <texPath>Things/Items/GunsZhaos/Z_BigGunMini</texPath>
      <graphicClass>Graphic_Single</graphicClass>
    </graphicData>
    <soundInteract>InteractChargeRifle</soundInteract>
    <statBases>
      <WorkToMake>48000</WorkToMake>
      <Mass>0.8</Mass>
      <AccuracyTouch>1</AccuracyTouch>
      <AccuracyShort>1</AccuracyShort>
      <AccuracyMedium>0.99</AccuracyMedium>
      <AccuracyLong>0.99</AccuracyLong>
      <RangedWeapon_Cooldown>1</RangedWeapon_Cooldown>
      <!--远程武器射击后冷却时间-->
      <MaxHitPoints>300</MaxHitPoints>
      <Beauty>50</Beauty>
      <Flammability>0</Flammability>
      <DeteriorationRate>0</DeteriorationRate>
      <MarketValue>10</MarketValue>
      <!--价值-->
    </statBases>
    <costList>
      <Steel>6</Steel>
      <Component>1</Component>
    </costList>
    <verbs>
      <li>
        <verbClass>Verb_Shoot</verbClass>
        <hasStandardCommand>true</hasStandardCommand>
        <defaultProjectile>Bullet_BulletZhaosB</defaultProjectile>
        <!--使用的子弹-->
        <warmupTime>0.01</warmupTime>
        <!--预热时间，射击前瞄准时间-->
        <range>85</range>
        <!--射程-->
        <soundCast>ChargeLance_Fire</soundCast>
        <soundCastTail>GunTail_Light</soundCastTail>
        <burstShotCount>3</burstShotCount>
        <!--每次射击子弹数量-->
        <ticksBetweenBurstShots>8</ticksBetweenBurstShots>
        <!--单位时间射速，用3600除以这个数得出射速-->
        <muzzleFlashScale>12</muzzleFlashScale>
        <!--枪口闪光亮度-->
      </li>
    </verbs>
    <weaponTags>
      <li>ZhaosRifle</li>
    </weaponTags>
    <equippedStatOffsets>
      <MoveSpeed>1.2</MoveSpeed>
    </equippedStatOffsets>
  </ThingDef>
  <ThingDef ParentName="BaseMakeableGun_Zhaos">
    <defName>Z_Rifle03A</defName>
    <label>Z_电磁冲锋枪</label>
    <description>略正义的小型防身武器，电磁轨道冲锋枪。
15连发，高精确，每发伤害3</description>
    <graphicData>
      <texPath>Things/Items/GunsZhaos/Z_BigGunMiniB</texPath>
      <graphicClass>Graphic_Single</graphicClass>
    </graphicData>
    <soundInteract>InteractAutopistol</soundInteract>
    <statBases>
      <WorkToMake>48000</WorkToMake>
      <Mass>0.8</Mass>
      <AccuracyTouch>1</AccuracyTouch>
      <AccuracyShort>1</AccuracyShort>
      <AccuracyMedium>1</AccuracyMedium>
      <AccuracyLong>0.99</AccuracyLong>
      <RangedWeapon_Cooldown>0.65</RangedWeapon_Cooldown>
      <!--远程武器射击后冷却时间-->
      <MaxHitPoints>300</MaxHitPoints>
      <Beauty>50</Beauty>
      <Flammability>0</Flammability>
      <DeteriorationRate>0</DeteriorationRate>
      <MarketValue>10</MarketValue>
      <!--价值-->
    </statBases>
    <costList>
      <Steel>3</Steel>
    </costList>
    <verbs>
      <li>
        <verbClass>Verb_Shoot</verbClass>
        <hasStandardCommand>true</hasStandardCommand>
        <defaultProjectile>Bullet_BulletZhaosC</defaultProjectile>
        <!--使用的子弹-->
        <warmupTime>0.01</warmupTime>
        <!--预热时间，射击前瞄准时间-->
        <range>65</range>
        <!--射程-->
        <soundCast>ShotPistol</soundCast>
        <soundCastTail>GunTail_Light</soundCastTail>
        <burstShotCount>15</burstShotCount>
        <!--每次射击子弹数量-->
        <ticksBetweenBurstShots>4</ticksBetweenBurstShots>
        <!--单位时间射速，用3600除以这个数得出射速-->
        <muzzleFlashScale>10</muzzleFlashScale>
        <!--枪口闪光亮度-->
      </li>
    </verbs>
    <weaponTags>
      <li>ZhaosRifle</li>
    </weaponTags>
    <equippedStatOffsets>
      <MoveSpeed>1.0</MoveSpeed>
    </equippedStatOffsets>
  </ThingDef>
  <ThingDef ParentName="BaseMakeableGun_Zhaos">
    <defName>Z_Rifle04A</defName>
    <label>Z_冲击步枪</label>
    <description>正义的冲击步枪，效果类似于霰弹枪</description>
    <graphicData>
      <texPath>Things/Items/GunsZhaos/Z_BigGunB</texPath>
      <graphicClass>Graphic_Single</graphicClass>
    </graphicData>
    <soundInteract>InteractShotgun</soundInteract>
    <statBases>
      <WorkToMake>35000</WorkToMake>
      <MarketValue>150</MarketValue>
      <Mass>2.5</Mass>
      <AccuracyTouch>0.99</AccuracyTouch>
      <AccuracyShort>0.95</AccuracyShort>
      <AccuracyMedium>0.90</AccuracyMedium>
      <AccuracyLong>0.88</AccuracyLong>
      <RangedWeapon_Cooldown>2.0</RangedWeapon_Cooldown>
    </statBases>
    <costList>
      <Steel>10</Steel>
      <Component>1</Component>
    </costList>
    <verbs>
      <li>
        <verbClass>Verb_Shoot</verbClass>
        <hasStandardCommand>true</hasStandardCommand>
        <defaultProjectile>Bullet_BulletZhaosD</defaultProjectile>
        <warmupTime>0.01</warmupTime>
        <range>90</range>
        <burstShotCount>5</burstShotCount>
        <ticksBetweenBurstShots>3</ticksBetweenBurstShots>
        <soundCast>ShotShotgun</soundCast>
        <soundCastTail>GunTail_Heavy</soundCastTail>
        <muzzleFlashScale>20</muzzleFlashScale>
      </li>
    </verbs>
    <weaponTags>
      <li>ZhaosRifle</li>
    </weaponTags>
  </ThingDef>
  <ThingDef ParentName="BaseMakeableGun_Zhaos">
    <defName>Z_Rifle05A</defName>
    <label>Z_蓄能炮</label>
    <description>正义的能量炮，发射出所蓄积的能量爆弹效果类似于火箭筒，可以无限次使用</description>
    <graphicData>
      <texPath>Things/Items/GunsZhaos/Z_BigGunC</texPath>
      <graphicClass>Graphic_Single</graphicClass>
    </graphicData>
    <soundInteract>InteractShotgun</soundInteract>
    <statBases>
      <WorkToMake>55000</WorkToMake>
      <MarketValue>150</MarketValue>
      <Mass>2.5</Mass>
      <AccuracyTouch>0.99</AccuracyTouch>
      <AccuracyShort>0.99</AccuracyShort>
      <AccuracyMedium>0.99</AccuracyMedium>
      <AccuracyLong>0.99</AccuracyLong>
      <RangedWeapon_Cooldown>5</RangedWeapon_Cooldown>
    </statBases>
    <costList>
      <Steel>15</Steel>
      <Component>1</Component>
    </costList>
    <verbs>
      <li>
        <verbClass>Verb_Shoot</verbClass>
        <hasStandardCommand>true</hasStandardCommand>
        <defaultProjectile>Bullet_BulletZhaosE</defaultProjectile>
        <warmupTime>0.01</warmupTime>
        <range>90</range>
        <burstShotCount>7</burstShotCount>
        <ticksBetweenBurstShots>4</ticksBetweenBurstShots>
        <soundCast>ShotShotgun</soundCast>
        <soundCastTail>GunTail_Heavy</soundCastTail>
        <muzzleFlashScale>26</muzzleFlashScale>
      </li>
    </verbs>
    <weaponTags>
      <li>ZhaosRifle</li>
    </weaponTags>
  </ThingDef>
  <ThingDef ParentName="BaseMakeableGun_Zhaos">
    <defName>Z_Rifle06A</defName>
    <label>Z_电荷步枪EXII</label>
    <description>电荷步枪增强型，并不是那么正义
6连发，每发伤害10</description>
    <graphicData>
      <texPath>Things/Items/GunsZhaos/Z_BigGunMiniC</texPath>
      <graphicClass>Graphic_Single</graphicClass>
    </graphicData>
    <soundInteract>InteractAutopistol</soundInteract>
    <statBases>
      <WorkToMake>48000</WorkToMake>
      <Mass>0.8</Mass>
      <AccuracyTouch>0.96</AccuracyTouch>
      <AccuracyShort>0.92</AccuracyShort>
      <AccuracyMedium>0.85</AccuracyMedium>
      <AccuracyLong>0.80</AccuracyLong>
      <RangedWeapon_Cooldown>1.2</RangedWeapon_Cooldown>
      <!--远程武器射击后冷却时间-->
      <MaxHitPoints>300</MaxHitPoints>
      <Beauty>50</Beauty>
      <Flammability>0</Flammability>
      <DeteriorationRate>0</DeteriorationRate>
      <MarketValue>10</MarketValue>
      <!--价值-->
    </statBases>
    <costList>
      <Steel>12</Steel>
    </costList>
    <verbs>
      <li>
        <verbClass>Verb_Shoot</verbClass>
        <hasStandardCommand>true</hasStandardCommand>
        <defaultProjectile>Bullet_BulletZhaosF</defaultProjectile>
        <!--使用的子弹-->
        <warmupTime>0.01</warmupTime>
        <!--预热时间，射击前瞄准时间-->
        <range>75</range>
        <!--射程-->
        <soundCast>ShotPistol</soundCast>
        <soundCastTail>GunTail_Medium</soundCastTail>
        <burstShotCount>6</burstShotCount>
        <!--每次射击子弹数量-->
        <ticksBetweenBurstShots>7</ticksBetweenBurstShots>
        <!--单位时间射速，用3600除以这个数得出射速-->
        <muzzleFlashScale>12</muzzleFlashScale>
        <!--枪口闪光亮度-->
      </li>
    </verbs>
    <weaponTags>
      <li>ZhaosRifle</li>
    </weaponTags>
    <equippedStatOffsets>
      <MoveSpeed>1.0</MoveSpeed>
    </equippedStatOffsets>
  </ThingDef>
  <!-- vvvvvv Melee  ^^^^^^^Guns -->
  <ThingDef ParentName="BaseMeleeWeapon_Sharp_Quality_Z">
    <defName>Z_ButcherKnife</defName>
    <label>Z_镜面杀戮</label>
    <description>Butcher's knife
Tons of damage

强相互作用力镜面金属</description>
    <stuffCategories>
      <li>Metallic</li>
      <li>Stony</li>
    </stuffCategories>
    <graphicData>
      <texPath>Things/Items/WeaponMeleeZhaos/Z_SwordA_Zhaos</texPath>
      <graphicClass>Graphic_Single</graphicClass>
    </graphicData>
    <soundInteract>InteractAutoPistol</soundInteract>
    <statBases>
      <WorkToMake>80000</WorkToMake>
      <Mass>0.2</Mass>
      <Weapon_Bulk>0.2</Weapon_Bulk>
    </statBases>
    <equippedAngleOffset>-25</equippedAngleOffset>
    <comps>
      <li Class="CompProperties_Glower">
        <glowRadius>2</glowRadius>
        <glowColor>(127,200,255,0)</glowColor>
      </li>
    </comps>
    <equippedStatOffsets>
      <MoveSpeed>0.05</MoveSpeed>
      <WorkSpeedGlobal>0.05</WorkSpeedGlobal>
    </equippedStatOffsets>
    <costStuffCount>10</costStuffCount>
    <tools>
      <li>
        <label>handle</label>
        <capacities>
          <li>Blunt</li>
        </capacities>
        <power>35</power>
        <cooldownTime>1.5</cooldownTime>
      </li>
      <li>
        <label>point</label>
        <capacities>
          <li>Stab</li>
        </capacities>
        <power>45</power>
        <cooldownTime>0.8</cooldownTime>
      </li>
      <li>
        <label>edge</label>
        <capacities>
          <li>Cut</li>
        </capacities>
        <power>666</power>
        <cooldownTime>0.5</cooldownTime>
      </li>
    </tools>
  </ThingDef>
</Defs>