﻿<?xml version="1.0" encoding="utf-8"?>
<Defs>
  <ThingDef ParentName="ApparelBase">
    <defName>Z_ShieldBelt</defName>
    <label>Z_护盾腰带</label>
    <description>琉华魔改版护盾腰带再魔改版，可持枪。</description>
    <thingClass>Vanya_Test.Vanya_ShieldBelt</thingClass>
    <graphicData>
      <texPath>Things/Pawn/Humanlike/Apparel/ShieldBelt/ShieldBelt</texPath>
      <graphicClass>Graphic_Single</graphicClass>
    </graphicData>
    <tickerType>Normal</tickerType>
    <statBases>
      <Mass>1</Mass>
      <EnergyShieldRechargeRate>2.35</EnergyShieldRechargeRate>
      <EnergyShieldEnergyMax>990000</EnergyShieldEnergyMax>
      <WorkToMake>65000</WorkToMake>
      <DeteriorationRate>0</DeteriorationRate>
      <MaxHitPoints>8000</MaxHitPoints>
    </statBases>
    <costList>
      <Component>1</Component>
    </costList>
    <recipeMaker>
      <unfinishedThingDef>UnfinishedBelt</unfinishedThingDef>
      <researchPrerequisite>ShieldBelt</researchPrerequisite>
      <workSpeedStat>SmithingSpeed</workSpeedStat>
      <workSkill>Crafting</workSkill>
      <effectWorking>Smith</effectWorking>
      <soundWorking>Recipe_Machining</soundWorking>
      <recipeUsers>
        <li>TableMachining</li>
      </recipeUsers>
    </recipeMaker>
    <thingCategories>
      <li>Apparel</li>
    </thingCategories>
    <apparel>
      <careIfWornByCorpse>false</careIfWornByCorpse>
      <bodyPartGroups>
        <li>Waist</li>
      </bodyPartGroups>
      <layers>
        <li>Belt</li>
      </layers>
      <tags>
        <li>BeltDefense</li>
      </tags>
    </apparel>
    <colorGenerator Class="ColorGenerator_Options">
      <options>
        <li>
          <weight>10</weight>
          <only>RGBA(0.2,0.5,0.6,1)</only>
        </li>
      </options>
    </colorGenerator>
    <generateAllowChance>0.00</generateAllowChance>
  </ThingDef>
</Defs>