﻿<?xml version="1.0" encoding="utf-8"?>
<Defs>
  <ThingDef ParentName="BuildingBase">
    <defName>Z_Power</defName>
    <label>稳定的恒星能源提取站</label>
    <thingClass>Building</thingClass>
    <graphicData>
      <texPath>Things/Building/Power/PowerStation</texPath>
      <graphicClass>Graphic_Single</graphicClass>
      <drawSize>(2,2)</drawSize>
      <damageData>
        <cornerTL>Damage/Corner</cornerTL>
        <cornerTR>Damage/Corner</cornerTR>
        <cornerBL>Damage/Corner</cornerBL>
        <cornerBR>Damage/Corner</cornerBR>
      </damageData>
    </graphicData>
    <altitudeLayer>Building</altitudeLayer>
    <passability>Impassable</passability>
    <pathCost>5</pathCost>
    <blockWind>true</blockWind>
    <fillPercent>1.0</fillPercent>
    <castEdgeShadows>false</castEdgeShadows>
    <rotatable>false</rotatable>
    <!--旋转选项-->
    <statBases>
      <MaxHitPoints>3000000</MaxHitPoints>
      <WorkToBuild>5000</WorkToBuild>
      <Flammability>0.0</Flammability>
    </statBases>
    <tickerType>Normal</tickerType>
    <description>稳定的电力供应</description>
    <size>(2,2)</size>
    <building></building>
    <costList>
      <Steel>100</Steel>
      <Component>5</Component>
    </costList>
    <comps>
      <li Class="CompProperties_Power">
        <compClass>CompPowerPlant</compClass>
        <basePowerConsumption>-90000000</basePowerConsumption>
        <transmitsPower>true</transmitsPower>
      </li>
      <li Class="CompProperties_Flickable" />
      <li Class="CompProperties_Glower">
        <glowRadius>5</glowRadius>
        <glowColor>(255,0,38,0)</glowColor>
      </li>
      <li Class="CompProperties_HeatPusher">
        <compClass>CompHeatPusherPowered</compClass>
        <heatPerSecond>120</heatPerSecond>
        <heatPushMaxTemperature>50</heatPushMaxTemperature>
      </li>
      <li Class="CompProperties_Breakdownable" />
    </comps>
    <terrainAffordanceNeeded>Heavy</terrainAffordanceNeeded>
    <designationCategory>Power</designationCategory>
    <staticSunShadowHeight>0.5</staticSunShadowHeight>
    <constructEffect>ConstructMetal</constructEffect>
  </ThingDef>
  <ThingDef ParentName="BuildingBase">
    <defName>Z_Battery</defName>
    <label>Z_高功率电池</label>
    <thingClass>Building_Battery</thingClass>
    <graphicData>
      <texPath>Things/Building/Power/Battery</texPath>
      <graphicClass>Graphic_Single</graphicClass>
      <drawSize>(1,2)</drawSize>
      <damageData>
        <cornerTL>Damage/Corner</cornerTL>
        <cornerTR>Damage/Corner</cornerTR>
        <cornerBL>Damage/Corner</cornerBL>
        <cornerBR>Damage/Corner</cornerBR>
      </damageData>
    </graphicData>
    <altitudeLayer>Building</altitudeLayer>
    <passability>PassThroughOnly</passability>
    <pathCost>140</pathCost>
    <blockWind>true</blockWind>
    <castEdgeShadows>false</castEdgeShadows>
    <fillPercent>0.40</fillPercent>
    <tickerType>Normal</tickerType>
    <minifiedDef>MinifiedFurniture</minifiedDef>
    <statBases>
      <MaxHitPoints>50000</MaxHitPoints>
      <WorkToBuild>800</WorkToBuild>
      <Mass>5</Mass>
      <Flammability>0.0</Flammability>
      <Beauty>1000000</Beauty>
    </statBases>
    <description>稳定的高蓄能电池，维护方式同原版</description>
    <size>(1,2)</size>
    <building></building>
    <costList>
      <Component>2</Component>
    </costList>
    <comps>
      <li Class="CompProperties_Battery">
        <storedEnergyMax>500000</storedEnergyMax>
        <efficiency>2.0</efficiency>
        <startElectricalFires>false</startElectricalFires>
        <transmitsPower>true</transmitsPower>
      </li>
      <li Class="CompProperties_Breakdownable" />
    </comps>
    <terrainAffordanceNeeded>Light</terrainAffordanceNeeded>
    <designationCategory>Power</designationCategory>
    <staticSunShadowHeight>1.5</staticSunShadowHeight>
    <constructEffect>ConstructMetal</constructEffect>
  </ThingDef>
  <ThingDef ParentName="BuildingBase">
    <defName>Z_PowerMiNi</defName>
    <label>反物质能源提取站</label>
    <thingClass>Building</thingClass>
    <graphicData>
      <texPath>Things/Building/Power/PowerStationMiNi</texPath>
      <graphicClass>Graphic_Single</graphicClass>
      <drawSize>(1,1)</drawSize>
      <damageData>
        <cornerTL>Damage/Corner</cornerTL>
        <cornerTR>Damage/Corner</cornerTR>
        <cornerBL>Damage/Corner</cornerBL>
        <cornerBR>Damage/Corner</cornerBR>
      </damageData>
    </graphicData>
    <altitudeLayer>Building</altitudeLayer>
    <passability>Impassable</passability>
    <pathCost>5</pathCost>
    <blockWind>true</blockWind>
    <fillPercent>1.0</fillPercent>
    <castEdgeShadows>false</castEdgeShadows>
    <rotatable>false</rotatable>
    <!--旋转选项-->
    <statBases>
      <MaxHitPoints>3000000</MaxHitPoints>
      <WorkToBuild>5000</WorkToBuild>
      <Flammability>0.0</Flammability>
    </statBases>
    <tickerType>Normal</tickerType>
    <description>稳定便携的电力供应</description>
    <size>(1,1)</size>
    <building></building>
    <costList>
      <Steel>100</Steel>
      <Component>5</Component>
    </costList>
    <comps>
      <li Class="CompProperties_Power">
        <compClass>CompPowerPlant</compClass>
        <basePowerConsumption>-90000000</basePowerConsumption>
        <transmitsPower>true</transmitsPower>
      </li>
      <li Class="CompProperties_Flickable" />
      <li Class="CompProperties_Glower">
        <glowRadius>2</glowRadius>
        <glowColor>(0,255,211,0)</glowColor>
      </li>
      <li Class="CompProperties_HeatPusher">
        <compClass>CompHeatPusherPowered</compClass>
        <heatPerSecond>120</heatPerSecond>
        <heatPushMaxTemperature>50</heatPushMaxTemperature>
      </li>
      <li Class="CompProperties_Breakdownable" />
    </comps>
    <terrainAffordanceNeeded>Heavy</terrainAffordanceNeeded>
    <designationCategory>Power</designationCategory>
    <staticSunShadowHeight>0.5</staticSunShadowHeight>
    <constructEffect>ConstructMetal</constructEffect>
  </ThingDef>
</Defs>