﻿<?xml version="1.0" encoding="utf-8"?>
<ModMetaData>
  <name>斯坦石 personal MOD</name>
  <author>斯坦石</author>
  <url>about:blank</url>
  <targetVersion>0.18.0</targetVersion>
  <description>English translation has now been added.
斯坦石自用
任何一个建筑都是超级无敌的作弊的存在，是一个把该游戏轻松变成开心农场的MOD，专业治疗各种抖M的MOD。
My personal MOD
Super cheat building
Personal use

介绍：
-约3把正义步枪，2把榴弹武器
-两组磁轨炮塔，一个伤害几乎秒杀生物，一个高射速2伤害用于击倒敌人，绝对防御且0电耗
-无限随时间递增的可持枪的护盾腰带
-置顶血量的门与墙壁
-0电耗的自带控温的太阳灯
-超高发电量的电站，两种大小造型分别是1x1与3x3
-超高蓄电量的电池，一颗几乎可以供应全基地
-满抗性，冬暖夏凉，身体全覆盖的内衣，武装到牙齿
-最最主要的是，感觉自己做的贴图很炫酷啊~~

-09 08 2017 : Fixed the damage bugs. 去除了红黄字报错，但是同时也不再关联机械族科技MOD的伤害数据.

-09 09 2017 : Fixed the Apparel Tags. 修正了大佬们所反应的，导致敌对势力都穿着牛逼内衬的可怕错误（递茶）.

-09 09 2017 : Fixed the Apparel Tags. 二次排查.

-09 12 2017 : Added a melee weapon named "镜面杀戮". Added a new fabrics. 新增一个新的近战武器，可以兼容金属材料制作，属性比较的逆天，可以试试。新增一种纺织物，属性抗性加成高。

-09 13 2017: Added a new metal. 新增一种金属材料，高加成特性高血量加成。朋友你听说过贝塔纤维么？

-09 13 2017: English translation has now been added	. 加入了英文翻译。
Enjoy :D
</description>
</ModMetaData>